,MSE,RMSE,MAE,R2 Score
SBIN.NS,228.85894455172428,15.128084629315248,10.808974336012907,0.9770680162849865
HDFCBANK.NS,571.91009304497,23.91464181301844,16.848411766258447,0.9256011072852082
AXISBANK.NS,349.155479737302,18.685702548668115,13.85014219541807,0.9424089962730099
ICICIBANK.NS,210.34822449003218,14.503386655882556,10.385812648935199,0.962831335771615
INDUSINDBK.NS,885.3617441724394,29.75502888878516,23.53261681044884,0.8423385086643895
