,MSE,RMSE,MAE,R2 Score
SBIN.NS,1043.7972212968732,32.3078507687663,26.21373734050736,0.895410070480569
HDFCBANK.NS,1348.218837168341,36.71809958546794,26.040434023588322,0.8246123125953269
AXISBANK.NS,544.4857400657327,23.334218222724598,17.325665919476947,0.9101904964830816
ICICIBANK.NS,526.1008959700815,22.936889413564376,16.99866571021356,0.9070376391340014
INDUSINDBK.NS,1616.4677431375703,40.205319836280005,33.126937571639715,0.7121462308977511
